{
  "hash": "dc1fb8187f1158415ac50865823f7c8e",
  "result": {
    "engine": "knitr",
    "markdown": "---\ntitle: 2050년 탄소중립을 위한 에너지효율 및 수요반응 정책의 효과 분석\nauthor:\n  - name: 신희영\n    corresponding: true\n    email: heeyoungshin108@gmail.com\n    roles:\n      - Analysis\n      - Energy System Modeling\n      - Cost Benefit Analysis\n      - Policy Implications\n    affiliations:\n      - Seoul National University Graduate School of Environmental Studies\n\nkeywords:\n  - Country Level Energy System Modeling\n  - Scenario Analysis\n  - Energy Efficiency\n  - Demand Response\nabstract: |\n  Energy System Modeling at a country level for Korea. 에너지효율 및 수요반응 정책의 효과 분석석\nplain-language-summary: |\n  테스트 문서입니다\nkey-points:\n  - A web scraping script was developed to pull data from the Instituto Geogràphico Nacional into a machine-readable form for analysis\n  - Earthquake events on La Palma are consistent with the presence of both mantle and crustal reservoirs.\ndate: last-modified\nbibliography: references.bib\ncitation:\n  container-title: Earth and Space Science\nnumber-sections: true\n---\n\n\n\n\n\n## Introduction\n\n\n\n\n\n::: {.cell}\n\n```{.r .cell-code .hidden}\neruptions <- c(1492, 1585, 1646, 1677, 1712, 1949, 1971, 2021)\nn_eruptions <- length(eruptions)\n```\n:::\n\n::: {#cell-fig-timeline .cell}\n\n```{.r .cell-code .hidden}\npar(mar = c(3, 1, 1, 1) + 0.1)\nplot(eruptions, rep(0, n_eruptions), \n  pch = \"|\", axes = FALSE)\naxis(1)\nbox()\n```\n\n::: {.cell-output-display}\n![Timeline of recent earthquakes on La Palma](index_files/figure-pdf/fig-timeline-1.pdf){#fig-timeline fig-pos='H' fig-alt='An event plot of the years of the last 8 eruptions on La Palma.'}\n:::\n:::\n\n::: {.cell}\n\n```{.r .cell-code .hidden}\navg_years_between_eruptions <- mean(diff(eruptions[-n_eruptions]))\navg_years_between_eruptions\n```\n\n::: {.cell-output .cell-output-stdout .hidden}\n\n```\n[1] 79.83333\n```\n\n\n:::\n:::\n\n\n\n\n\nBased on data up to and including 1971, eruptions on La Palma happen every 79.8 years on average.\n\nStudies of the magma systems feeding the volcano, such as @marrero2019, have proposed that there are two main magma reservoirs feeding the Cumbre Vieja volcano; one in the mantle (30-40km depth) which charges and in turn feeds a shallower crustal reservoir (10-20km depth).\n\nEight eruptions have been recorded since the late 1400s (@fig-timeline).\n\nData and methods are discussed in @sec-data-methods.\n\nLet $x$ denote the number of eruptions in a year. Then, $x$ can be modeled by a Poisson distribution\n\n$$\np(x) = \\frac{e^{-\\lambda} \\lambda^{x}}{x !}\n$$ {#eq-poisson}\n\nwhere $\\lambda$ is the rate of eruptions per year. Using @eq-poisson, the probability of an eruption in the next $t$ years can be calculated.\n\n| Name                 | Year   |\n| -------------------- | ------ |\n| Current              | 2021   |\n| Teneguía             | 1971   |\n| Nambroque            | 1949   |\n| El Charco            | 1712   |\n| Volcán San Antonio   | 1677   |\n| Volcán San Martin    | 1646   |\n| Tajuya near El Paso  | 1585   |\n| Montaña Quemada      | 1492   |\n\n: Recent historic eruptions on La Palma {#tbl-history}\n\n@tbl-history summarises the eruptions recorded since the colonization of the islands by Europeans in the late 1400s.\n\n![Map of La Palma](images/la-palma-map.png){#fig-map}\n\nLa Palma is one of the west most islands in the Volcanic Archipelago of the Canary Islands (@fig-map). \n\n\n\n\n\n{{< embed notebooks/explore-earthquakes.qmd#fig-spatial-plot >}}\n\n\n\n\n\n\n\n\n\n@fig-spatial-plot shows the location of recent Earthquakes on La Palma.\n\n## Data & Methods {#sec-data-methods}\n\n## Conclusion\n\n## References {.unnumbered}\n\n:::{#refs}\n\n:::",
    "supporting": [
      "index_files\\figure-pdf"
    ],
    "filters": [
      "rmarkdown/pagebreak.lua"
    ],
    "includes": {},
    "engineDependencies": {},
    "preserve": null,
    "postProcess": false
  }
}